file,length,dtype
Statistik_BOBY_BO_BO011.json,140,mixed
Statistik_KO_KO007.json,3731,mixed
Statistik_NA_Konsumtion_NA027.json,847,mixed
Statistik_SO_SO002.json,1700,int
Statistik_BE_Befolkningens storlek och struktur_BE008.json,47736,int
Statistik_FOHA_HA_Avslutade_HA023.json,91,mixed
Statistik_OF_1. Kommunernas och kommunalförbundens rapporterade ekonomiuppgifter_1.5 Nyckeltal_OF015.json,408,int
Statistik_SO_SO014.json,5508,int
Statistik_UTKU_UT_Utb efter grundskolan_Högskolan vid Åland_UT058.json,1755,int
Statistik_OF_1. Kommunernas och kommunalförbundens rapporterade ekonomiuppgifter_1.5 Nyckeltal_OF003.json,2856,int
Statistik_AR_Arbetslöshet_AR019.json,135,mixed
Statistik_BOBY_BO_BO007.json,315,mixed
Statistik_AR_Avslutade_AR007b.json,83538,int
Statistik_NA_Konsumtion_NA031.json,55,mixed
Statistik_BE_Befolkningens storlek och struktur_BE032.json,4250,int
Statistik_FOHA_HA_Avslutade_HA019.json,104,int
Statistik_TUTRSJ_TR_TR015.json,600,mixed
Statistik_TUTRSJ_TU_Inkvartering_TU008.json,3900,int
Utredning_Äldre utredningar eller scenarier_Scenarier2013_BE_OUTMIGDEM.json,12528,int
Statistik_UTKU_UT_Utb efter grundskolan_Högskolan vid Åland_UT074.json,312,int
Statistik_UTKU_UT_Grundskolan_UT006.json,3375,mixed
Statistik_INLO_IN_Avslutade_IN001gammal.json,31212,int
Statistik_VA_VA006.json,6120,int
Utredning_Äldre utredningar eller scenarier_Scenarier2013_AR_LABOUTFED.json,4320,mixed
Statistik_VA_VA010.json,1536,int
Statistik_KO_Avslutade_KO005.json,1352,mixed
Statistik_AR_Sysselsättning_AR012.json,1836,int
Statistik_TUTRSJ_TR_TR003.json,294,int
Statistik_MI_MI001.json,4641,mixed
Statistik_FOHA_HA_HA031.json,126,int
Statistik_UTKU_KU_KU002.json,3520,mixed
Statistik_AR_Arbetslöshet_AR003.json,17303,int
Statistik_UTKU_UT_Barnomsorg_UT011.json,768,mixed
Statistik_AR_Arbetsplatser_AR018.json,1326,int
Statistik_UTKU_UT_Utb efter grundskolan_Högskolan vid Åland_UT042.json,900,int
Statistik_UTKU_UT_Utb efter grundskolan_Övrig utbildning_UT043.json,3520,mixed
Statistik_OF_1. Kommunernas och kommunalförbundens rapporterade ekonomiuppgifter_1.5 Nyckeltal_OF019.json,408,int
Statistik_BE_Befolkningens storlek och struktur_BE004.json,1037,int
Statistik_MI_MI007c.json,296,mixed
Statistik_UTKU_UT_Utb efter grundskolan_Högskolan vid Åland_UT054.json,300,int
Statistik_INLO_LO_Avslutade_LO010.json,552,int
Statistik_NA_Socialräkenskapsmatriser_SAM2007_det.json,3721,mixed
Statistik_UTKU_UT_Utb efter grundskolan_Övrig utbildning_UT055.json,1500,int
Statistik_BE_Prognoser_BEFOLD_BE047.json,2040,int
Statistik_SO_SO018.json,16,int
Statistik_INLO_IN_IN010.json,21840,int
Statistik_OF_1. Kommunernas och kommunalförbundens rapporterade ekonomiuppgifter_1.5 Nyckeltal_OF023.json,408,int
Utredning_Äldre utredningar eller scenarier_Scenarier2013_BE_EXAMSFED.json,4032,mixed
Statistik_UTKU_UT_Utb efter grundskolan_Högskolan vid Åland_UT078.json,4368,int
Statistik_FOHA_HA_Avslutade_HA015.json,150,int
Statistik_FOHA_FO_Koncerner_FO020.json,378,int
Statistik_JO_JO002.json,450,int
Statistik_TUTRSJ_TU_Inresande_TU002.json,196,int
Utredning_Äldre utredningar eller scenarier_Skatteutredning_41_YSOC.json,384,mixed
Statistik_UTKU_UT_UT079.json,1080,int
Statistik_BE_Befolkningsrörelsen_BE041.json,3240,int
Statistik_OF_1. Kommunernas och kommunalförbundens rapporterade ekonomiuppgifter_1.3 Driftsekonomi_OF033.json,2193,int
Statistik_NA_Konsumtion_NA050.json,427,mixed
Statistik_SO_SO022.json,56,int
Statistik_FOHA_HA_Avslutade_HA003.json,176,mixed
Statistik_RV_RV003.json,294,int
Statistik_SO_SO023.json,98,int
Statistik_FOHA_HA_Avslutade_HA002.json,252,int
Statistik_RV_RV002.json,180,int
Statistik_BE_Befolkningsrörelsen_BE017.json,6480,int
Statistik_NA_Konsumtion_NA051.json,183,mixed
Statistik_OF_1. Kommunernas och kommunalförbundens rapporterade ekonomiuppgifter_1.3 Driftsekonomi_OF032.json,2193,int
Statistik_OF_1. Kommunernas och kommunalförbundens rapporterade ekonomiuppgifter_1.2 Koncernbokslut_OF026.json,20196,int
Utredning_Äldre utredningar eller scenarier_Scenarier2013_BE_INMIGDEM.json,13536,int
Statistik_FOHA_FO_Avslutade_FO005.json,1088,int
Statistik_TUTRSJ_TU_Inkvartering_Avslutade tidsserier_TU003.json,504,int
Utredning_Äldre utredningar eller scenarier_Scenarier2013_AR_BALAOCCU.json,1350,mixed
Statistik_FOHA_HA_Avslutade_HA014.json,91,int
Statistik_MI_Avslutade_MI002.json,270,mixed
Statistik_FOHA_FO_Koncerner_FO021.json,280,int
Utredning_Äldre utredningar eller scenarier_Scenarier2013_AR_LABOUTSEX.json,144,mixed
Statistik_OF_1. Kommunernas och kommunalförbundens rapporterade ekonomiuppgifter_1.5 Nyckeltal_OF022.json,408,int
Utredning_Utbildning och arbetsmarknad 2035_QFLAB.json,6120,mixed
Statistik_SO_SO019.json,16,int
Statistik_MI_MI007b.json,200,mixed
Statistik_UTKU_UT_Utb efter grundskolan_Gymnasienivå_UT077.json,4368,int
Statistik_BOBY_BY_BY001.json,2856,int
Statistik_INLO_LO_Avslutade_LO007.json,1176,int
Utredning_Äldre utredningar eller scenarier_Skatteutredning_43_SOCSAV.json,384,mixed
Statistik_FOHA_FO_Företagsbestånd_FO008.json,1224,int
Statistik_OF_1. Kommunernas och kommunalförbundens rapporterade ekonomiuppgifter_1.5 Nyckeltal_OF018.json,476,mixed
Utredning_Äldre utredningar eller scenarier_Skatteutredning_11_MIG.json,384,int
Utredning_Utbildning och arbetsmarknad 2035_EMPRATOT.json,102,mixed
"Statistik_TUTRSJ_SJ_Handelsflottan, sysselsättning, resande_SJ021.json",3060,int
Statistik_BE_Befolkningens storlek och struktur_BE052.json,864,int
Statistik_UTKU_UT_Barnomsorg_UT010.json,36936,int
Statistik_INLO_IN_IN007.json,2340,int
Utredning_Äldre utredningar eller scenarier_Scenarier2013_AR_QFLOCCU.json,1440,int
Statistik_UTKU_UT_Utb efter grundskolan_Övrig utbildning_UT062.json,3630,int
Statistik_UTKU_UT_Utb efter grundskolan_Gymnasienivå_UT041.json,3808,mixed
Statistik_AR_Avslutade_AR010.json,285,int
Statistik_NA_Socialräkenskapsmatriser_SAM2010AGG.json,100,float
Statistik_UTKU_KU_KU003.json,240,int
Statistik_TUTRSJ_TR_TR002.json,6336,int
Statistik_VA_VA011.json,4284,int
Utredning_Äldre utredningar eller scenarier_Scenarier2013_BE_OUTMIGOCCU.json,4320,int
Statistik_KO_Avslutade_KO004.json,2197,mixed
Utredning_Äldre utredningar eller scenarier_Scenarier2013_AR_RECROCCU.json,1440,int
Statistik_FOHA_FO_Avslutade_FO009.json,1088,int
Statistik_VA_VA007.json,6732,int
Statistik_OF_2. Landskapet Ålands ekonomiuppgifter_OF007.json,450,int
Statistik_NA_Bruttonationalprodukt_NA005.json,84,int
Statistik_UTKU_UT_Grundskolan_UT007.json,221,int
Utredning_Äldre utredningar eller scenarier_Scenarier2013_AR_HHDCONS.json,720,mixed
Statistik_UTKU_UT_Utb efter grundskolan_Gymnasienivå_UT057.json,2340,int
Statistik_FOHA_HA_Avslutade_HA018.json,150,mixed
Statistik_BE_Befolkningens storlek och struktur_BE033.json,37830,int
Statistik_TUTRSJ_TR_TR014.json,2016,int
Statistik_TUTRSJ_TU_Inkvartering_TU009.json,4260,int
Statistik_NA_Konsumtion_NA030.json,605,mixed
Statistik_BOBY_BO_BO006.json,29835,int
Statistik_FOHA_FO_Företagsbestånd_FO012.json,418,int
Statistik_UTKU_UT_Lärare_UT022.json,630,int
Statistik_SO_SO015.json,40,int
Statistik_SO_SO003.json,3800,mixed
Statistik_FOHA_HA_Avslutade_HA022.json,104,mixed
Statistik_BE_Befolkningens storlek och struktur_BE009.json,9072,int
Statistik_FOHA_FO_Företagsbestånd_FO012b.json,396,int
Statistik_NA_Konsumtion_NA026.json,968,mixed
Statistik_FOHA_FO_Arbetsställen_FO018.json,15521,int
Statistik_BOBY_BO_BO010.json,315,mixed
Statistik_AR_Arbetslöshet_AR005.json,888,mixed
Statistik_OF_2. Landskapet Ålands ekonomiuppgifter_OF036.json,176,int
Statistik_FOHA_HA_Avslutade_HA029.json,91,mixed
Statistik_SO_SO008.json,204,int
Statistik_NA_Avslutade_NA001.json,684,mixed
Statistik_OF_1. Kommunernas och kommunalförbundens rapporterade ekonomiuppgifter_1.4 Investeringar_OF040.json,61824,int
Statistik_UTKU_UT_Avslutade_UT033.json,864,mixed
Utredning_Äldre utredningar eller scenarier_Skatteutredning_14_POPUACOH.json,17280,int
Statistik_OF_Avslutade_OF004.json,756,int
Statistik_OF_1. Kommunernas och kommunalförbundens rapporterade ekonomiuppgifter_1.5 Nyckeltal_OF025.json,3168,int
Statistik_NA_Konsumtion_NA040.json,440,mixed
Statistik_BE_Befolkningsrörelsen_BE006.json,5253,int
Statistik_FOHA_HA_Avslutade_HA013.json,104,int
Statistik_BE_Befolkningens storlek och struktur_BE038.json,24726,int
Statistik_TUTRSJ_SJ_Konjunkturstatistik för sjöfarten_SJ101.json,132,int
Statistik_TUTRSJ_TU_Inkvartering_Avslutade tidsserier_TU004.json,440,int
Utredning_Äldre utredningar eller scenarier_Scenarier2013_BE_EXAMS.json,144,int
Statistik_OF_1. Kommunernas och kommunalförbundens rapporterade ekonomiuppgifter_1.3 Driftsekonomi_OF035.json,903,int
Statistik_TUTRSJ_TR_TR009.json,1800,int
Statistik_FOHA_HA_Avslutade_HA005.json,176,int
Utredning_Utbildning och arbetsmarknad 2035_UNEMPRO.json,102,mixed
Statistik_UTKU_UT_Avslutade_UT029.json,1620,int
Utredning_Äldre utredningar eller scenarier_Skatteutredning_53_MUNITAX.json,384,mixed
Utredning_Äldre utredningar eller scenarier_Scenarier2013_BE_INMIGOCCU.json,4320,int
Statistik_SO_SO004.json,1368,int
Statistik_FOHA_HA_Avslutade_HA025.json,104,int
Statistik_BE_Befolkningsrörelsen_BE030.json,7581,int
Statistik_SO_SO012.json,360,int
Utredning_Äldre utredningar eller scenarier_Skatteutredning_32_ESTATE.json,384,mixed
Statistik_FOHA_FO_Företagsbestånd_FO015.json,23987,int
Statistik_NA_Konsumtion_NA037.json,220,mixed
Statistik_TUTRSJ_TR_TR013.json,693,int
Statistik_BE_Befolkningens storlek och struktur_BE034.json,11076,int
Statistik_MI_MI011.json,168,int
Statistik_AR_Avslutade_AR001.json,3780,mixed
Statistik_UTKU_UT_Utb efter grundskolan_Högskolan vid Åland_UT072.json,300,int
Statistik_INLO_LO_LO011.json,1728,int
Utredning_Äldre utredningar eller scenarier_Skatteutredning_62_EG.json,384,mixed
Statistik_UTKU_UT_Avslutade_UT005.json,2952,int
"Statistik_TUTRSJ_SJ_Handelsflottan, sysselsättning, resande_SJ006.json",42,int
Statistik_VA_VA016.json,1134,mixed
Statistik_KO_Avslutade_KO003.json,3042,mixed
Statistik_FOHA_HA_Avslutade_HA009.json,176,int
Statistik_TUTRSJ_TR_TR005.json,2040,int
Statistik_MI_MI007.json,161,int
Statistik_FOHA_HA_HA037.json,145,mixed
Statistik_UTKU_KU_KU004.json,168,int
Utredning_Utbildning och arbetsmarknad 2035_POPDIS.json,19584,int
Utredning_Utbildning och arbetsmarknad 2035_LABOUT.json,204,int
Statistik_FOHA_HA_HA036.json,312,int
Statistik_AR_Avslutade_AR016.json,35904,int
Statistik_OF_1. Kommunernas och kommunalförbundens rapporterade ekonomiuppgifter_1.1 Bokslut_OF027.json,2331,int
Statistik_UTKU_KU_KU005.json,300,int
Statistik_FOHA_HA_Avslutade_HA008.json,252,mixed
Statistik_BE_Familjer och hushåll_BE019.json,4896,int
Statistik_TUTRSJ_TR_TR004.json,1020,int
Statistik_MI_MI006.json,266,mixed
Utredning_Utbildning och arbetsmarknad 2035_RECROCCU.json,2040,mixed
Statistik_INLO_LO_LO006.json,3108,int
Statistik_KO_Avslutade_KO002.json,299,mixed
Statistik_UTKU_UT_Avslutade_UT004.json,3861,int
Statistik_UTKU_UT_Studerande utanför ax_UT036.json,4608,int
Utredning_Utbildning och arbetsmarknad 2035_POPACOH.json,3060,int
Statistik_INLO_LO_LO010.json,2268,int
Statistik_VA_VA001.json,7992,mixed
"Statistik_TUTRSJ_SJ_Handelsflottan, sysselsättning, resande_SJ011.json",104,int
Statistik_UTKU_UT_Grundskolan_UT001.json,25056,int
Utredning_Äldre utredningar eller scenarier_Scenarier2013_BE_POPDIS.json,13968,int
Statistik_UTKU_UT_Avslutade_UT012.json,23562,int
Utredning_Äldre utredningar eller scenarier_Scenarier2013_AR_GDP1.json,576,mixed
Statistik_INLO_IN_Avslutade_IN006bort.json,864,mixed
Statistik_OF_Avslutade_OF009.json,46,mixed
Statistik_UTKU_UT_Utb efter grundskolan_Gymnasienivå_UT051.json,1638,int
Statistik_NA_Socialräkenskapsmatriser_SAM2015.json,4761,mixed
Statistik_FOHA_FI_FI001.json,253,int
Statistik_TUTRSJ_TR_TR012.json,168,int
Statistik_BE_Befolkningens storlek och struktur_BE035.json,91260,int
Statistik_MI_MI010.json,1632,mixed
Statistik_NA_Konsumtion_NA036.json,330,mixed
Statistik_BE_Befolkningsrörelsen_BE027.json,14994,int
Utredning_Äldre utredningar eller scenarier_Scenarier2013_AR_EXTRECRFED.json,1440,mixed
Statistik_FOHA_HA_Avslutade_HA032.json,90,int
Statistik_SO_SO013.json,320,int
Statistik_BE_Befolkningsrörelsen_BE031.json,336,int
Statistik_BOBY_BO_Avslutade_BO002.json,2992,int
asub_api_structure.json,0,empty
Statistik_SO_SO005.json,891,int
Statistik_FOHA_HA_Avslutade_HA024.json,120,mixed
Statistik_KO_KO000.json,520,mixed
Statistik_MI_ASUB_SDG.json,14212,mixed
Statistik_NA_Bruttonationalprodukt_NA039.json,3360,mixed
Statistik_TUTRSJ_TR_TR008.json,900,int
Statistik_FOHA_HA_Avslutade_HA004.json,252,mixed
Utredning_Utbildning och arbetsmarknad 2035_POPTOT.json,102,int
Statistik_OF_1. Kommunernas och kommunalförbundens rapporterade ekonomiuppgifter_1.3 Driftsekonomi_OF034.json,903,int
Utredning_Utbildning och arbetsmarknad 2035_GDP2.json,2040,mixed
Utredning_Äldre utredningar eller scenarier_Scenarier2013_AR_UNEMPRO.json,144,mixed
Utredning_Utbildning och arbetsmarknad 2035_POPAGEM.json,1224,int
Statistik_TUTRSJ_TU_Inresande_TU005.json,3328,int
Statistik_FOHA_FO_Avslutade_FO003.json,1280,int
Statistik_BE_Befolkningens storlek och struktur_BE039.json,4420,int
Statistik_FOHA_HA_Avslutade_HA012.json,252,mixed
Statistik_MI_Avslutade_MI004.json,42,mixed
Statistik_OF_Avslutade_OF005.json,440,int
Statistik_OF_1. Kommunernas och kommunalförbundens rapporterade ekonomiuppgifter_1.5 Nyckeltal_OF024.json,408,int
Statistik_NA_Konsumtion_NA041.json,165,mixed
Statistik_AR_Huvudsaklig verksamhet_AR013b.json,1980,mixed
Utredning_Arbetsmarknadsbarometer_AMB01.json,612,int
Statistik_UTKU_UT_Utb efter grundskolan_Högskolan vid Åland_UT053.json,858,int
Statistik_UTKU_UT_Utb efter grundskolan_Gymnasienivå_UT071.json,2700,int
Statistik_FOHA_HA_Avslutade_HA028.json,104,mixed
Statistik_SO_SO009.json,15912,mixed
Utredning_Äldre utredningar eller scenarier_Skatteutredning_33_LUMP045.json,384,mixed
Statistik_INLO_LO_Avslutade_LO001.json,1440,int
Statistik_AR_Arbetslöshet_AR004.json,11492,mixed
Statistik_OF_2. Landskapet Ålands ekonomiuppgifter_OF037.json,195,int
Utredning_Äldre utredningar eller scenarier_Scenarier2013_AR_PUBCONS.json,192,mixed
Utredning_Äldre utredningar eller scenarier_Skatteutredning_61_YG.json,384,mixed
Statistik_MI_MI009.json,476,mixed
Statistik_FOHA_HA_Avslutade_HA007.json,176,mixed
Statistik_BE_Befolkningsrörelsen_BE012.json,1060,int
Statistik_NA_Konsumtion_NA054.json,305,mixed
Statistik_OF_1. Kommunernas och kommunalförbundens rapporterade ekonomiuppgifter_1.1 Bokslut_OF028.json,2520,int
Statistik_AR_Avslutade_AR015b.json,43758,int
Utredning_Äldre utredningar eller scenarier_Scenarier2013_AR_QAP_INDU.json,720,mixed
Utredning_Utbildning och arbetsmarknad 2035_GDP1.json,1122,mixed
Statistik_BE_Befolkningsrörelsen_BE053.json,1296,int
Statistik_FOHA_HA_Avslutade_HA011.json,176,mixed
Statistik_NA_Konsumtion_NA042.json,385,mixed
Utredning_Äldre utredningar eller scenarier_Scenarier2013_AR_RECRSEX.json,432,int
Statistik_AR_Huvudsaklig verksamhet_AR013a.json,390,int
Statistik_UTKU_UT_Avslutade_UT031.json,7920,int
Statistik_AR_Sysselsättning_AR020.json,89424,int
Statistik_NA_Avslutade_NA003.json,684,mixed
Statistik_OF_1. Kommunernas och kommunalförbundens rapporterade ekonomiuppgifter_1.1 Bokslut_OF012.json,12852,int
Statistik_BOBY_BY_BY004.json,672,int
Statistik_BE_Befolkningsrörelsen_BE028.json,4410,int
Statistik_INLO_IN_Avslutade_IN008gammal.json,59976,int
Statistik_TUTRSJ_TU_Gästhamnar_TU007.json,504,int
Utredning_Utbildning och arbetsmarknad 2035_RECRFED.json,3060,mixed
Utredning_Äldre utredningar eller scenarier_Scenarier2013_BE_OUTMIGFED.json,4320,int
Utredning_Utbildning och arbetsmarknad 2035_EXAMS.json,8568,int
Statistik_UTKU_KU_KU006.json,2376,mixed
Statistik_FOHA_HA_HA035.json,312,int
Utredning_Äldre utredningar eller scenarier_Scenarier2013_AR_BALAFED.json,1350,mixed
Utredning_Äldre utredningar eller scenarier_Skatteutredning_31_YSTATE.json,384,mixed
Statistik_MI_MI005.json,160,mixed
Statistik_TUTRSJ_TR_TR007.json,660,int
Statistik_AR_Arbetslöshet_AR003b.json,912,int
Statistik_KO_Avslutade_KO001.json,429,mixed
Statistik_VA_VA014.json,4284,mixed
"Statistik_TUTRSJ_SJ_Handelsflottan, sysselsättning, resande_SJ004.json",350,int
Statistik_VA_VA002.json,6517,mixed
Utredning_Äldre utredningar eller scenarier_Skatteutredning_35_TIMFIN.json,384,mixed
Statistik_INLO_LO_LO013.json,486,mixed
Utredning_Äldre utredningar eller scenarier_Scenarier2013_AR_GDP2.json,672,mixed
Utredning_Utbildning och arbetsmarknad 2035_QFLABSEX.json,408,mixed
Statistik_UTKU_UT_Studerande utanför ax_UT023.json,6300,int
"Statistik_TUTRSJ_SJ_Handelsflottan, sysselsättning, resande_SJ012.json",66,int
Statistik_UTKU_UT_Grundskolan_UT002.json,150,int
Statistik_AR_Avslutade_AR003.json,42471,int
Statistik_UTKU_UT_Utb efter grundskolan_Gymnasienivå_UT052.json,2700,int
Statistik_BE_Befolkningens storlek och struktur_BE036.json,76362,int
Statistik_TUTRSJ_TR_TR011.json,135,int
Statistik_FOHA_FI_FI002.json,96,mixed
Utredning_Äldre utredningar eller scenarier_Skatteutredning_21_GDP1.json,4224,mixed
Statistik_FOHA_FO_Företagens ekonomi_FO013b.json,4056,mixed
Statistik_NA_Konsumtion_NA035.json,385,mixed
Statistik_BOBY_BO_BO003.json,13260,int
Statistik_BE_Familjer och hushåll_BE020.json,3672,mixed
Statistik_SO_SO010.json,384,mixed
Statistik_INLO_IN_Avslutade_IN005gammal.json,2016,int
Utredning_Äldre utredningar eller scenarier_Scenarier2013_AR_EXTRECROCCU.json,1440,mixed
Utredning_Äldre utredningar eller scenarier_Scenarier2013_AR_EXTRECSEX.json,432,int
Statistik_SO_SO006.json,2125,mixed
Statistik_FOHA_HA_Avslutade_HA027.json,120,int
Statistik_OF_2. Landskapet Ålands ekonomiuppgifter_OF038.json,209,int
Statistik_SO_SO007.json,960,mixed
Statistik_FOHA_HA_Avslutade_HA026.json,91,int
Utredning_Äldre utredningar eller scenarier_Scenarier2013_BE_INMIGFED.json,4320,int
Utredning_Utbildning och arbetsmarknad 2035_RECRSEX.json,408,mixed
Statistik_NA_Socialräkenskapsmatriser_SAM2007_agg.json,100,mixed
Statistik_FOHA_HA_Avslutade_HA030.json,120,mixed
Statistik_SO_SO011.json,1710,int
Statistik_FOHA_FO_Företagsbestånd_FO016.json,15521,int
Utredning_Äldre utredningar eller scenarier_Skatteutredning_22_GDP2.json,5760,mixed
Utredning_Utbildning och arbetsmarknad 2035_INMIG.json,19176,int
Statistik_BOBY_BO_BO002.json,3978,int
Statistik_NA_Konsumtion_NA034.json,165,mixed
Statistik_MI_MI012.json,780,mixed
Statistik_BE_Befolkningens storlek och struktur_BE037.json,24726,int
Statistik_TUTRSJ_TR_TR010.json,192,int
Statistik_FOHA_FI_FI003.json,64,int
Utredning_Äldre utredningar eller scenarier_Scenarier2013_AR_RECRFED.json,1440,mixed
Statistik_UTKU_UT_Avslutade_UT010.json,19665,int
Statistik_UTKU_UT_Grundskolan_UT003.json,595,int
Statistik_VA_VA003.json,3420,mixed
Statistik_INLO_LO_LO012.json,1440,int
"Statistik_TUTRSJ_SJ_Handelsflottan, sysselsättning, resande_SJ005.json",42,int
Statistik_INLO_LO_LO004.json,4284,int
Statistik_VA_VA015.json,1080,mixed
Statistik_TUTRSJ_TR_TR006.json,780,int
Utredning_Äldre utredningar eller scenarier_Skatteutredning_52_EMUNI.json,384,mixed
Statistik_FOHA_HA_HA034.json,1092,mixed
Statistik_AR_Avslutade_AR014.json,93024,int
Statistik_INLO_IN_IN003.json,3944,mixed
Statistik_FOHA_FO_Företagens ekonomi_FO002.json,2160,mixed
Statistik_UTKU_UT_Barnomsorg_UT014.json,108,mixed
Statistik_TUTRSJ_TU_Gästhamnar_TU006.json,525,int
Utredning_Äldre utredningar eller scenarier_Skatteutredning_15_POPUAGEM.json,2688,int
Statistik_UTKU_UT_Avslutade_UT026.json,960,mixed
Statistik_FOHA_FO_Arbetsställen_FO010.json,2312,int
Utredning_Äldre utredningar eller scenarier_Scenarier2013_AR_LABOUTOCC.json,4320,mixed
Statistik_INLO_LO_Avslutade_LO003.json,2040,int
Statistik_BOBY_BY_BY005.json,1024,int
Statistik_UTKU_UT_Utb efter grundskolan_Gymnasienivå_UT073.json,1248,int
Statistik_BE_Befolkningsrörelsen_BE029.json,6120,int
Utredning_Äldre utredningar eller scenarier_Skatteutredning_34_FLITPENG.json,384,mixed
Statistik_NA_Avslutade_NA002.json,186,mixed
Statistik_NA_Konsumtion_NA038.json,385,mixed
Statistik_FOHA_FO_Företagens ekonomi_FO014.json,7040,mixed
Statistik_BE_Befolkningens storlek och struktur_BE040.json,2550,mixed
Utredning_Utbildning och arbetsmarknad 2035_QFLABFED.json,3060,mixed
Statistik_NA_Konsumtion_NA043.json,330,mixed
Statistik_OF_Avslutade_OF007.json,705,int
Statistik_TUTRSJ_SJ_Konjunkturstatistik för sjöfarten_SJ102.json,168,int
Statistik_FOHA_HA_Avslutade_HA010.json,252,int
Statistik_FOHA_FO_Avslutade_FO001.json,1280,int
Statistik_INLO_LO_LO008.json,3696,int
Statistik_UTKU_UT_Avslutade_UT012_barnomsorg.json,6669,int
Utredning_Äldre utredningar eller scenarier_Scenarier2013_AR_BALASEX.json,405,mixed
Statistik_BE_Befolkningsrörelsen_BE013.json,7119,int
Statistik_NA_Konsumtion_NA055.json,427,mixed
Statistik_OF_1. Kommunernas och kommunalförbundens rapporterade ekonomiuppgifter_1.1 Bokslut_OF029.json,1386,int
Statistik_MI_MI008.json,390,mixed
Statistik_FOHA_HA_Avslutade_HA006.json,252,int
Statistik_BE_Befolkningsrörelsen_BE018.json,12765,int
Utredning_Utbildning och arbetsmarknad 2035_QLABDOM.json,204,int
Statistik_UTKU_UT_Utb efter grundskolan_Övrig utbildning_UT061.json,2880,int
Statistik_FOHA_HA_HA033.json,1848,mixed
Utredning_Äldre utredningar eller scenarier_Scenarier2013_AR_MUNITAX.json,48,mixed
Statistik_NA_Avslutade_NA033.json,1728,mixed
Statistik_MI_MI003.json,714,mixed
Statistik_TUTRSJ_TR_TR001.json,1470,int
Statistik_VA_VA012.json,612,int
"Statistik_TUTRSJ_SJ_Handelsflottan, sysselsättning, resande_SJ002.json",126,int
Statistik_VA_VA004.json,22680,int
Statistik_UTKU_UT_Grundskolan_UT004.json,540,int
Statistik_NA_Socialräkenskapsmatriser_SAM2010.json,3844,mixed
Statistik_UTKU_UT_Utb efter grundskolan_Högskolan vid Åland_UT076.json,2925,int
Utredning_Äldre utredningar eller scenarier_Skatteutredning_42_ESOC.json,384,mixed
Statistik_TUTRSJ_TR_TR017.json,296,int
Statistik_FOHA_FI_FI004.json,35,int
Utredning_Utbildning och arbetsmarknad 2035_OUTMIG.json,26622,int
Statistik_NA_Konsumtion_NA033.json,440,mixed
Statistik_UTKU_UT_Barnomsorg_UT009.json,27360,int
Statistik_NA_Socialräkenskapsmatriser_SAM2015AGG.json,100,float
Statistik_BOBY_BO_BO005.json,45968,int
Statistik_UTKU_UT_Befolkningens utbildning_UT080.json,4725,int
Statistik_UTKU_UT_Lärare_UT021.json,112,mixed
Statistik_SO_SO016.json,306,int
Utredning_Äldre utredningar eller scenarier_Skatteutredning_51_YMUNI.json,384,mixed
Utredning_Utbildning och arbetsmarknad 2035_DEPRATE.json,102,float
Statistik_BE_Prognoser_BEFOLD_BE049.json,2040,int
Statistik_OF_1. Kommunernas och kommunalförbundens rapporterade ekonomiuppgifter_1.5 Nyckeltal_OF017.json,408,int
Statistik_FOHA_HA_Avslutade_HA021.json,120,int
Statistik_INLO_IN_IN008.json,14040,int
Statistik_NA_Konsumtion_NA025.json,726,mixed
Statistik_OF_1. Kommunernas och kommunalförbundens rapporterade ekonomiuppgifter_1.3 Driftsekonomi_OF011.json,4488,int
Statistik_AR_Sysselsättning_AR013c.json,432,int
Statistik_TUTRSJ_TU_Inkvartering_TU010.json,1365,int
Statistik_RV_RV001.json,924,int
Statistik_SO_SO020.json,76,int
Statistik_FOHA_HA_Avslutade_HA001.json,176,int
Statistik_BE_Befolkningsrörelsen_BE014.json,8976,int
Statistik_NA_Konsumtion_NA052.json,427,mixed
Statistik_INLO_IN_Avslutade_IN007gammal.json,26775,int
Statistik_OF_2. Landskapet Ålands ekonomiuppgifter_OF008.json,517,int
Statistik_UTKU_UT_Grundskolan_UT008.json,884,int
Statistik_VA_VA008.json,1920,mixed
Utredning_Äldre utredningar eller scenarier_Skatteutredning_23_PUBCONS.json,1536,mixed
Statistik_FOHA_FO_Koncerner_FO022.json,966,int
Statistik_FOHA_HA_Avslutade_HA017.json,91,mixed
Statistik_OF_OF031.json,1890,int
Statistik_NA_Konsumtion_NA044.json,275,mixed
Statistik_OF_1. Kommunernas och kommunalförbundens rapporterade ekonomiuppgifter_1.5 Nyckeltal_OF021.json,408,int
Utredning_Utbildning och arbetsmarknad 2035_ALEMPLOY.json,102,mixed
Statistik_BOBY_BO_BO009.json,270,int
Statistik_FOHA_FO_Företagens ekonomi_FO013.json,6600,mixed
Statistik_BE_Befolkningens storlek och struktur_BE010.json,2550,int
Statistik_BE_Prognoser_BEFOLD_BE045.json,42840,int
Statistik_OF_1. Kommunernas och kommunalförbundens rapporterade ekonomiuppgifter_1.1 Bokslut_OF014.json,6732,int
Statistik_BOBY_BY_BY002.json,4590,int
Statistik_OF_1. Kommunernas och kommunalförbundens rapporterade ekonomiuppgifter_1.1 Bokslut_OF002.json,11951,int
Statistik_UTKU_UT_Barnomsorg_UT013.json,798,mixed
"Statistik_TUTRSJ_SJ_Handelsflottan, sysselsättning, resande_SJ022.json",2142,int
Statistik_FOHA_FO_Arbetsställen_FO017.json,23987,int
Utredning_Äldre utredningar eller scenarier_Skatteutredning_24_UNEMPRO.json,384,mixed
Statistik_AR_Arbetslöshet_AR001.json,6111,mixed
Statistik_INLO_IN_IN004.json,928,mixed
Utredning_Äldre utredningar eller scenarier_Scenarier2013_AR_QFLSEX.json,432,int
Statistik_KO_KO009.json,98400,mixed
Statistik_NA_Konsumtion_NA029.json,847,mixed
Statistik_INLO_IN_IN005.json,3451,int
Statistik_KO_KO008.json,17576,mixed
Statistik_FOHA_FO_Företagens ekonomi_FO004.json,2160,mixed
Statistik_NA_Konsumtion_NA028.json,968,mixed
Statistik_UTKU_UT_Barnomsorg_UT012.json,68,mixed
Statistik_BE_Befolkningens storlek och struktur_BE050.json,4080,int
Statistik_AR_Arbetslöshet_AR004b.json,24624,mixed
Statistik_INLO_LO_Avslutade_LO005.json,1680,int
Statistik_BE_Befolkningens storlek och struktur_BE007.json,30600,int
Statistik_FOHA_FO_Koncerner_FO019.json,420,int
Statistik_UTKU_UT_Utb efter grundskolan_Övrig utbildning_UT056.json,285,int
Statistik_UTKU_UT_Utb efter grundskolan_Gymnasienivå_UT075.json,2925,int
Statistik_BOBY_BY_BY003.json,13872,int
Statistik_NA_Avslutade_NA004.json,186,mixed
Statistik_INLO_IN_Avslutade_IN002gammal.json,66096,int
Statistik_BOBY_BO_BO008.json,135,mixed
Statistik_NA_Konsumtion_NA045.json,385,mixed
Statistik_BE_Befolkningsrörelsen_BE003.json,13464,int
Statistik_OF_Avslutade_OF001.json,11220,int
Statistik_FOHA_FO_Företagens ekonomi_FO014b.json,4056,mixed
Statistik_OF_1. Kommunernas och kommunalförbundens rapporterade ekonomiuppgifter_1.5 Nyckeltal_OF020.json,408,int
Statistik_FOHA_FO_Koncerner_FO023.json,966,mixed
Statistik_FOHA_HA_Avslutade_HA016.json,104,mixed
Utredning_Äldre utredningar eller scenarier_Scenarier2013_BE_POPAGEM.json,1008,int
Statistik_TUTRSJ_SJ_Konjunkturstatistik för sjöfarten_SJ104.json,192,int
Statistik_BE_Befolkningsrörelsen_BE054.json,8360,mixed
Statistik_VA_VA009.json,1020,int
Statistik_FOHA_FO_Avslutade_FO007.json,576,int
Statistik_JO_JO001.json,450,int
Statistik_OF_2. Landskapet Ålands ekonomiuppgifter_OF009.json,539,int
Statistik_BE_Befolkningsrörelsen_BE042.json,9720,int
Statistik_FOHA_FO_Avslutade_FO011.json,240,int
Statistik_AR_Sysselsättning_AR011b.json,198,mixed
Statistik_OF_1. Kommunernas och kommunalförbundens rapporterade ekonomiuppgifter_1.3 Driftsekonomi_OF030.json,1848,int
Statistik_BE_Befolkningsrörelsen_BE015.json,21879,int
Statistik_NA_Konsumtion_NA053.json,366,mixed
Statistik_TUTRSJ_TU_Inkvartering_TU011.json,1200,mixed
Statistik_SO_SO021.json,120,int
Statistik_OF_1. Kommunernas och kommunalförbundens rapporterade ekonomiuppgifter_1.3 Driftsekonomi_OF010.json,4488,int
Statistik_INLO_IN_IN009.json,7800,int
Utredning_Äldre utredningar eller scenarier_Scenarier2013_AR_PSUBCONS.json,2400,mixed
Utredning_Äldre utredningar eller scenarier_Scenarier2013_AR_QFLFED.json,1440,mixed
Statistik_FOHA_HA_Avslutade_HA020.json,91,int
Statistik_OF_1. Kommunernas och kommunalförbundens rapporterade ekonomiuppgifter_1.5 Nyckeltal_OF016.json,408,int
Statistik_FOHA_FO_Företagsbestånd_FO006.json,2312,int
Statistik_AR_Arbetsplatser_AR017.json,79560,int
Statistik_INLO_LO_Avslutade_LO009.json,714,int
Statistik_SO_SO017.json,54,int
Statistik_BE_Prognoser_BEFOLD_BE048.json,480,int
Statistik_UTKU_UT_Befolkningens utbildning_UT081.json,3150,int
Statistik_BOBY_BO_BO004.json,26520,int
Statistik_NA_Konsumtion_NA032.json,11,float
Statistik_TUTRSJ_TR_TR016.json,6120,int
Statistik_UTKU_UT_Grundskolan_UT005.json,432,mixed
Statistik_UTKU_UT_Studerande utanför ax_UT024.json,546,int
Utredning_Äldre utredningar eller scenarier_Skatteutredning_12_POPTOT.json,384,int
Statistik_VA_VA005.json,19635,int
Utredning_Utbildning och arbetsmarknad 2035_QFLABOCCU.json,1836,mixed
"Statistik_TUTRSJ_SJ_Handelsflottan, sysselsättning, resande_SJ003.json",550,int
Statistik_FOHA_FO_Företagens ekonomi_FO024.json,5940,mixed
Statistik_KO_Avslutade_KO006.json,507,mixed
Statistik_VA_VA013.json,2880,mixed
Statistik_INLO_LO_LO002.json,2880,int
Utredning_Äldre utredningar eller scenarier_Scenarier2013_BE_POPACOH.json,2304,int
Statistik_AR_Sysselsättning_AR011.json,368,int
Statistik_UTKU_UT_Avslutade_UT057.json,897,int
